# Independent transcription of REJ09B0152-0300 section 20.1, printed pp.372-375.
# Address hex, register, physical data bus bits, access states, printed page.
# Do not generate this expectation file from the emulator address decoder.
F020 FLMCR1 8 2 372
F021 FLMCR2 8 2 372
F022 FLPWCR 8 2 372
F023 EBR1 8 2 372
F02B FENR 8 2 372
F067 RTCFLG 8 2 372
F068 RSECDR 8 2 372
F069 RMINDR 8 2 372
F06A RHRDR 8 2 372
F06B RWKDR 8 2 372
F06C RTCCR1 8 2 372
F06D RTCCR2 8 2 372
F06F RTCCSR 8 2 372
F078 ICCR1 8 2 372
F079 ICCR2 8 2 372
F07A ICMR 8 2 372
F07B ICIER 8 2 372
F07C ICSR 8 2 372
F07D SAR 8 2 372
F07E ICDRT 8 2 372
F07F ICDRR 8 2 372
F085 PFCR 8 2 373
F086 PUCR8 8 2 373
F087 PUCR9 8 2 373
F08C PODR9 8 2 373
F0D0 TMB1 8 2 373
F0D1 TCB1_TLB1 8 2 373
F0DC CMCR0 8 2 373
F0DD CMCR1 8 2 373
F0DE CMDR 8 2 373
F0E0 SSCRH 8 3 373
F0E1 SSCRL 8 3 373
F0E2 SSMR 8 3 373
F0E3 SSER 8 3 373
F0E4 SSSR 8 3 373
F0E9 SSRDR 8 3 373
F0EB SSTDR 8 3 373
F0F0 TMRW 8 2 373
F0F1 TCRW 8 2 373
F0F2 TIERW 8 2 373
F0F3 TSRW 8 2 373
F0F4 TIOR0 8 2 373
F0F5 TIOR1 8 2 373
F0F6 TCNT 16 2 373
F0F8 GRA 16 2 373
F0FA GRB 16 2 373
F0FC GRC 16 2 373
F0FE GRD 16 2 373
FF8C ECPWCR 16 2 374
FF8E ECPWDR 16 2 374
FF91 SPCR 8 2 374
FF92 AEGSR 8 2 374
FF94 ECCR 8 2 374
FF95 ECCSR 8 2 374
FF96 ECH 8 2 374
FF97 ECL 8 2 374
FF98 SMR3 8 3 374
FF99 BRR3 8 3 374
FF9A SCR3 8 3 374
FF9B TDR3 8 3 374
FF9C SSR3 8 3 374
FF9D RDR3 8 3 374
FFA6 SEMR 8 3 374
FFA7 IrCR 8 2 374
FFB0 TMWD 8 2 374
FFB1 TCSRWD1 8 2 374
FFB2 TCSRWD2 8 2 374
FFB3 TCWD 8 2 374
FFBC ADRR 16 2 374
FFBE AMR 8 2 374
FFBF ADSR 8 2 374
FFC0 PMR1 8 2 375
FFC2 PMR3 8 2 375
FFCA PMRB 8 2 375
FFD4 PDR1 8 2 375
FFD6 PDR3 8 2 375
FFDB PDR8 8 2 375
FFDC PDR9 8 2 375
FFDE PDRB 8 2 375
FFE0 PUCR1 8 2 375
FFE1 PUCR3 8 2 375
FFE4 PCR1 8 2 375
FFE6 PCR3 8 2 375
FFEB PCR8 8 2 375
FFEC PCR9 8 2 375
FFF0 SYSCR1 8 2 375
FFF1 SYSCR2 8 2 375
FFF2 IEGR 8 2 375
FFF3 IENR1 8 2 375
FFF4 IENR2 8 2 375
FFF5 OSCCR 8 2 375
FFF6 IRR1 8 2 375
FFF7 IRR2 8 2 375
FFFA CKSTPR1 8 2 375
FFFB CKSTPR2 8 2 375
